{"TimeStamp":"2025-07-27T10:07:15Z","SiteName":"snackspot-auckland-api","RequestId":"6d021a2a-6ad1-11f0-a74f-6e45003a8cdb","Kind":"OneDeploy","Status":"Success","Details":"{\"Id\":\"f2b5c7f6081a414fa72a7483e318e880\",\"Status\":4,\"StatusText\":\"\",\"AuthorEmail\":\"N/A\",\"Author\":\"N/A\",\"Message\":\"OneDeploy\",\"Progress\":\"\",\"Deployer\":\"OneDeploy\",\"ReceivedTime\":\"2025-07-27T10:07:05.8144329Z\",\"StartTime\":\"2025-07-27T10:07:06.14123Z\",\"EndTime\":\"2025-07-27T10:07:15.4837414Z\",\"LastSuccessEndTime\":\"2025-07-27T10:07:15.4837414Z\",\"Complete\":true,\"IsTemporary\":false,\"IsReadOnly\":true,\"SiteName\":\"snackspot-auckland-api\",\"HostName\":\"snackspot-auckland-api.scm.azurewebsites.net\",\"ProjectType\":\"OneDeploy\",\"VsProjectId\":null}"}