﻿<?xml version="1.0" encoding="utf-8"?>
<deployment>
  <id>f3683ef27a254c7a9fbdc227dcd46a93</id>
  <author>N/A</author>
  <deployer>OneDeploy</deployer>
  <authorEmail>N/A</authorEmail>
  <message>OneDeploy</message>
  <progress></progress>
  <status>Success</status>
  <statusText></statusText>
  <lastSuccessEndTime>2025-07-27T10:05:15.1069961Z</lastSuccessEndTime>
  <receivedTime>2025-07-27T10:05:07.574017Z</receivedTime>
  <startTime>2025-07-27T10:05:07.8240173Z</startTime>
  <endTime>2025-07-27T10:05:15.1069961Z</endTime>
  <complete>True</complete>
  <is_temp>False</is_temp>
  <is_readonly>True</is_readonly>
  <project_type>OneDeploy</project_type>
  <vsproject_id></vsproject_id>
</deployment>