<Events><Event><System><Provider Name=".NET Runtime"/><EventID>1000</EventID><Level>2</Level><Task>0</Task><Keywords>Keywords</Keywords><TimeCreated SystemTime="2025-07-27T10:05:36Z"/><EventRecordID>10790984</EventRecordID><Channel>Application</Channel><Computer>dw0sdwk000OX1</Computer><Security/></System><EventData><Data>Category: Microsoft.AspNetCore.DataProtection.KeyManagement.XmlKeyManager
EventId: 35

No XML encryptor configured. Key {1f309fd5-65cb-4bd5-9562-4f0243451810} may be persisted to storage in unencrypted form.
</Data></EventData></Event><Event><System><Provider Name="IIS AspNetCore Module V2"/><EventID>1032</EventID><Level>4</Level><Task>0</Task><Keywords>Keywords</Keywords><TimeCreated SystemTime="2025-07-27T10:05:37Z"/><EventRecordID>10791250</EventRecordID><Channel>Application</Channel><Computer>dw0sdwk000OX1</Computer><Security/></System><EventData><Data>Application 'C:\home\site\wwwroot\' started successfully.</Data><Data>Process Id: 5160.</Data><Data>File Version: 19.0.25119.5. Description: IIS ASP.NET Core Module V2 Request Handler. Commit: </Data></EventData></Event><Event><System><Provider Name=".NET Runtime"/><EventID>1000</EventID><Level>2</Level><Task>0</Task><Keywords>Keywords</Keywords><TimeCreated SystemTime="2025-07-27T10:05:37Z"/><EventRecordID>10791953</EventRecordID><Channel>Application</Channel><Computer>dw0sdwk000OX1</Computer><Security/></System><EventData><Data>Category: SnackSpotAuckland.Api.Middleware.InputValidationMiddleware
EventId: 0
SpanId: ff58bc3a9adf7ef3
TraceId: 1793de701ff44be002609fe6ce0f4866
ParentId: 0000000000000000
RequestId: 400000f4-0000-b000-b63f-84710c7967bb
RequestPath: /health

Malicious content detected in header: X-ARR-SSL=2048|256|CN=Microsoft Azure RSA TLS Issuing CA 08, O=Microsoft Corporation, C=US|CN=*.azurewebsites.net, O=Microsoft Corporation, L=Redmond, S=WA, C=US
</Data></EventData></Event><Event><System><Provider Name=".NET Runtime"/><EventID>1000</EventID><Level>2</Level><Task>0</Task><Keywords>Keywords</Keywords><TimeCreated SystemTime="2025-07-27T10:05:51Z"/><EventRecordID>10805500</EventRecordID><Channel>Application</Channel><Computer>dw0sdwk000OX1</Computer><Security/></System><EventData><Data>Category: SnackSpotAuckland.Api.Middleware.InputValidationMiddleware
EventId: 0
SpanId: 187ec6cf18144076
TraceId: 45e9fda9b4351c57405e444c525c9336
ParentId: 0000000000000000
RequestId: 400000e6-0000-ae00-b63f-84710c7967bb
RequestPath: /api/v1/categories

Malicious content detected in header: X-ARR-SSL=2048|256|CN=Microsoft Azure RSA TLS Issuing CA 08, O=Microsoft Corporation, C=US|CN=*.azurewebsites.net, O=Microsoft Corporation, L=Redmond, S=WA, C=US
</Data></EventData></Event><Event><System><Provider Name=".NET Runtime"/><EventID>1000</EventID><Level>2</Level><Task>0</Task><Keywords>Keywords</Keywords><TimeCreated SystemTime="2025-07-27T10:05:51Z"/><EventRecordID>10805531</EventRecordID><Channel>Application</Channel><Computer>dw0sdwk000OX1</Computer><Security/></System><EventData><Data>Category: SnackSpotAuckland.Api.Middleware.RequestLoggingMiddleware
EventId: 0
SpanId: 187ec6cf18144076
TraceId: 45e9fda9b4351c57405e444c525c9336
ParentId: 0000000000000000
RequestId: 400000e6-0000-ae00-b63f-84710c7967bb
RequestPath: /api/v1/categories

Response d2dc18d6: 400 in 71ms
</Data></EventData></Event><Event><System><Provider Name="IIS AspNetCore Module V2"/><EventID>1012</EventID><Level>4</Level><Task>0</Task><Keywords>Keywords</Keywords><TimeCreated SystemTime="2025-07-27T10:07:08Z"/><EventRecordID>10882609</EventRecordID><Channel>Application</Channel><Computer>dw0sdwk000OX1</Computer><Security/></System><EventData><Data>Application 'C:\home\site\wwwroot\' was recycled after detecting app_offline.htm.</Data><Data>Process Id: 5160.</Data><Data>File Version: 19.0.25119.5. Description: IIS ASP.NET Core Module V2 Request Handler. Commit: </Data></EventData></Event><Event><System><Provider Name="IIS AspNetCore Module V2"/><EventID>1033</EventID><Level>4</Level><Task>0</Task><Keywords>Keywords</Keywords><TimeCreated SystemTime="2025-07-27T10:07:10Z"/><EventRecordID>10884234</EventRecordID><Channel>Application</Channel><Computer>dw0sdwk000OX1</Computer><Security/></System><EventData><Data>Application 'MACHINE/WEBROOT/APPHOST/SNACKSPOT-AUCKLAND-API' has shutdown.</Data><Data>Process Id: 5160.</Data><Data>File Version: 19.0.25119.5. Description: IIS ASP.NET Core Module V2 Request Handler. Commit: </Data></EventData></Event><Event><System><Provider Name="IIS AspNetCore Module V2"/><EventID>1032</EventID><Level>4</Level><Task>0</Task><Keywords>Keywords</Keywords><TimeCreated SystemTime="2025-07-27T10:07:34Z"/><EventRecordID>10908562</EventRecordID><Channel>Application</Channel><Computer>dw0sdwk000OX1</Computer><Security/></System><EventData><Data>Application 'C:\home\site\wwwroot\' started successfully.</Data><Data>Process Id: 6292.</Data><Data>File Version: 19.0.25119.5. Description: IIS ASP.NET Core Module V2 Request Handler. Commit: </Data></EventData></Event><Event><System><Provider Name=".NET Runtime"/><EventID>1000</EventID><Level>1</Level><Task>0</Task><Keywords>Keywords</Keywords><TimeCreated SystemTime="2025-07-27T10:08:03Z"/><EventRecordID>10937187</EventRecordID><Channel>Application</Channel><Computer>dw0sdwk000OX1</Computer><Security/></System><EventData><Data>Category: Microsoft.EntityFrameworkCore.Database.Connection
EventId: 20004
SpanId: 8b2e4bebf174da03
TraceId: 863a888c7615a129fa68a197fd3bce4e
ParentId: 0000000000000000
RequestId: 400000d6-0000-cf00-b63f-84710c7967bb
RequestPath: /api/v1/categories
ActionId: 02b50c5f-634b-421d-8d36-04607c8a9544
ActionName: SnackSpotAuckland.Api.Controllers.V1.CategoriesController.GetCategories (SnackSpotAuckland.Api)

An error occurred using the connection to database 'snackworkdb' on server 'tcp://snackworkdb.postgres.database.azure.com:5432'.
</Data></EventData></Event><Event><System><Provider Name=".NET Runtime"/><EventID>1000</EventID><Level>1</Level><Task>0</Task><Keywords>Keywords</Keywords><TimeCreated SystemTime="2025-07-27T10:08:03Z"/><EventRecordID>10937406</EventRecordID><Channel>Application</Channel><Computer>dw0sdwk000OX1</Computer><Security/></System><EventData><Data>Category: Microsoft.EntityFrameworkCore.Query
EventId: 10100
SpanId: 8b2e4bebf174da03
TraceId: 863a888c7615a129fa68a197fd3bce4e
ParentId: 0000000000000000
RequestId: 400000d6-0000-cf00-b63f-84710c7967bb
RequestPath: /api/v1/categories
ActionId: 02b50c5f-634b-421d-8d36-04607c8a9544
ActionName: SnackSpotAuckland.Api.Controllers.V1.CategoriesController.GetCategories (SnackSpotAuckland.Api)

An exception occurred while iterating over the results of a query for context type 'SnackSpotAuckland.Api.Data.SnackSpotDbContext'.
System.InvalidOperationException: An exception has been raised that is likely due to a transient failure.
 ---&gt; Npgsql.NpgsqlException (0x80004005): Failed to connect to 20.42.208.150:5432
 ---&gt; System.Net.Sockets.SocketException (10060): A connection attempt failed because the connected party did not properly respond after a period of time, or established connection failed because connected host has failed to respond.
   at System.Net.Sockets.Socket.AwaitableSocketAsyncEventArgs.ThrowException(SocketError error, CancellationToken cancellationToken)
   at System.Net.Sockets.Socket.AwaitableSocketAsyncEventArgs.System.Threading.Tasks.Sources.IValueTaskSource.GetResult(Int16 token)
   at System.Net.Sockets.Socket.&lt;ConnectAsync&gt;g__WaitForConnectWithCancellation|285_0(AwaitableSocketAsyncEventArgs saea, ValueTask connectTask, CancellationToken cancellationToken)
   at Npgsql.TaskTimeoutAndCancellation.ExecuteAsync(Func`2 getTaskFunc, NpgsqlTimeout timeout, CancellationToken cancellationToken)
   at Npgsql.Internal.NpgsqlConnector.ConnectAsync(NpgsqlTimeout timeout, CancellationToken cancellationToken)
   at Npgsql.Internal.NpgsqlConnector.ConnectAsync(NpgsqlTimeout timeout, CancellationToken cancellationToken)
   at Npgsql.Internal.NpgsqlConnector.RawOpen(SslMode sslMode, NpgsqlTimeout timeout, Boolean async, CancellationToken cancellationToken)
   at Npgsql.Internal.NpgsqlConnector.&lt;Open&gt;g__OpenCore|214_1(NpgsqlConnector conn, SslMode sslMode, NpgsqlTimeout timeout, Boolean async, CancellationToken cancellationToken)
   at Npgsql.Internal.NpgsqlConnector.Open(NpgsqlTimeout timeout, Boolean async, CancellationToken cancellationToken)
   at Npgsql.PoolingDataSource.OpenNewConnector(NpgsqlConnection conn, NpgsqlTimeout timeout, Boolean async, CancellationToken cancellationToken)
   at Npgsql.PoolingDataSource.&lt;Get&gt;g__RentAsync|33_0(NpgsqlConnection conn, NpgsqlTimeout timeout, Boolean async, CancellationToken cancellationToken)
   at Npgsql.NpgsqlConnection.&lt;Open&gt;g__OpenAsync|42_0(Boolean async, CancellationToken cancellationToken)
   at Microsoft.EntityFrameworkCore.Storage.RelationalConnection.OpenInternalAsync(Boolean errorsExpected, CancellationToken cancellationToken)
   at Microsoft.EntityFrameworkCore.Storage.RelationalConnection.OpenInternalAsync(Boolean errorsExpected, CancellationToken cancellationToken)
   at Microsoft.EntityFrameworkCore.Storage.RelationalConnection.OpenAsync(CancellationToken cancellationToken, Boolean errorsExpected)
   at Microsoft.EntityFrameworkCore.Storage.RelationalCommand.ExecuteReaderAsync(RelationalCommandParameterObject parameterObject, CancellationToken cancellationToken)
   at Microsoft.EntityFrameworkCore.Query.Internal.SingleQueryingEnumerable`1.AsyncEnumerator.InitializeReaderAsync(AsyncEnumerator enumerator, CancellationToken cancellationToken)
   at Npgsql.EntityFrameworkCore.PostgreSQL.Storage.Internal.NpgsqlExecutionStrategy.ExecuteAsync[TState,TResult](TState state, Func`4 operation, Func`4 verifySucceeded, CancellationToken cancellationToken)
   --- End of inner exception stack trace ---
   at Npgsql.EntityFrameworkCore.PostgreSQL.Storage.Internal.NpgsqlExecutionStrategy.ExecuteAsync[TState,TResult](TState state, Func`4 operation, Func`4 verifySucceeded, CancellationToken cancellationToken)
   at Microsoft.EntityFrameworkCore.Query.Internal.SingleQueryingEnumerable`1.AsyncEnumerator.MoveNextAsync()

Exception: 
System.InvalidOperationException: An exception has been raised that is likely due to a transient failure.
 ---&gt; Npgsql.NpgsqlException (0x80004005): Failed to connect to 20.42.208.150:5432
 ---&gt; System.Net.Sockets.SocketException (10060): A connection attempt failed because the connected party did not properly respond after a period of time, or established connection failed because connected host has failed to respond.
   at System.Net.Sockets.Socket.AwaitableSocketAsyncEventArgs.ThrowException(SocketError error, CancellationToken cancellationToken)
   at System.Net.Sockets.Socket.AwaitableSocketAsyncEventArgs.System.Threading.Tasks.Sources.IValueTaskSource.GetResult(Int16 token)
   at System.Net.Sockets.Socket.&lt;ConnectAsync&gt;g__WaitForConnectWithCancellation|285_0(AwaitableSocketAsyncEventArgs saea, ValueTask connectTask, CancellationToken cancellationToken)
   at Npgsql.TaskTimeoutAndCancellation.ExecuteAsync(Func`2 getTaskFunc, NpgsqlTimeout timeout, CancellationToken cancellationToken)
   at Npgsql.Internal.NpgsqlConnector.ConnectAsync(NpgsqlTimeout timeout, CancellationToken cancellationToken)
   at Npgsql.Internal.NpgsqlConnector.ConnectAsync(NpgsqlTimeout timeout, CancellationToken cancellationToken)
   at Npgsql.Internal.NpgsqlConnector.RawOpen(SslMode sslMode, NpgsqlTimeout timeout, Boolean async, CancellationToken cancellationToken)
   at Npgsql.Internal.NpgsqlConnector.&lt;Open&gt;g__OpenCore|214_1(NpgsqlConnector conn, SslMode sslMode, NpgsqlTimeout timeout, Boolean async, CancellationToken cancellationToken)
   at Npgsql.Internal.NpgsqlConnector.Open(NpgsqlTimeout timeout, Boolean async, CancellationToken cancellationToken)
   at Npgsql.PoolingDataSource.OpenNewConnector(NpgsqlConnection conn, NpgsqlTimeout timeout, Boolean async, CancellationToken cancellationToken)
   at Npgsql.PoolingDataSource.&lt;Get&gt;g__RentAsync|33_0(NpgsqlConnection conn, NpgsqlTimeout timeout, Boolean async, CancellationToken cancellationToken)
   at Npgsql.NpgsqlConnection.&lt;Open&gt;g__OpenAsync|42_0(Boolean async, CancellationToken cancellationToken)
   at Microsoft.EntityFrameworkCore.Storage.RelationalConnection.OpenInternalAsync(Boolean errorsExpected, CancellationToken cancellationToken)
   at Microsoft.EntityFrameworkCore.Storage.RelationalConnection.OpenInternalAsync(Boolean errorsExpected, CancellationToken cancellationToken)
   at Microsoft.EntityFrameworkCore.Storage.RelationalConnection.OpenAsync(CancellationToken cancellationToken, Boolean errorsExpected)
   at Microsoft.EntityFrameworkCore.Storage.RelationalCommand.ExecuteReaderAsync(RelationalCommandParameterObject parameterObject, CancellationToken cancellationToken)
   at Microsoft.EntityFrameworkCore.Query.Internal.SingleQueryingEnumerable`1.AsyncEnumerator.InitializeReaderAsync(AsyncEnumerator enumerator, CancellationToken cancellationToken)
   at Npgsql.EntityFrameworkCore.PostgreSQL.Storage.Internal.NpgsqlExecutionStrategy.ExecuteAsync[TState,TResult](TState state, Func`4 operation, Func`4 verifySucceeded, CancellationToken cancellationToken)
   --- End of inner exception stack trace ---
   at Npgsql.EntityFrameworkCore.PostgreSQL.Storage.Internal.NpgsqlExecutionStrategy.ExecuteAsync[TState,TResult](TState state, Func`4 operation, Func`4 verifySucceeded, CancellationToken cancellationToken)
   at Microsoft.EntityFrameworkCore.Query.Internal.SingleQueryingEnumerable`1.AsyncEnumerator.MoveNextAsync()
</Data></EventData></Event><Event><System><Provider Name=".NET Runtime"/><EventID>1000</EventID><Level>1</Level><Task>0</Task><Keywords>Keywords</Keywords><TimeCreated SystemTime="2025-07-27T10:08:03Z"/><EventRecordID>10937578</EventRecordID><Channel>Application</Channel><Computer>dw0sdwk000OX1</Computer><Security/></System><EventData><Data>Category: SnackSpotAuckland.Api.Controllers.V1.CategoriesController
EventId: 0
SpanId: 8b2e4bebf174da03
TraceId: 863a888c7615a129fa68a197fd3bce4e
ParentId: 0000000000000000
RequestId: 400000d6-0000-cf00-b63f-84710c7967bb
RequestPath: /api/v1/categories
ActionId: 02b50c5f-634b-421d-8d36-04607c8a9544
ActionName: SnackSpotAuckland.Api.Controllers.V1.CategoriesController.GetCategories (SnackSpotAuckland.Api)

Error retrieving categories

Exception: 
System.InvalidOperationException: An exception has been raised that is likely due to a transient failure.
 ---&gt; Npgsql.NpgsqlException (0x80004005): Failed to connect to 20.42.208.150:5432
 ---&gt; System.Net.Sockets.SocketException (10060): A connection attempt failed because the connected party did not properly respond after a period of time, or established connection failed because connected host has failed to respond.
   at System.Net.Sockets.Socket.AwaitableSocketAsyncEventArgs.ThrowException(SocketError error, CancellationToken cancellationToken)
   at System.Net.Sockets.Socket.AwaitableSocketAsyncEventArgs.System.Threading.Tasks.Sources.IValueTaskSource.GetResult(Int16 token)
   at System.Net.Sockets.Socket.&lt;ConnectAsync&gt;g__WaitForConnectWithCancellation|285_0(AwaitableSocketAsyncEventArgs saea, ValueTask connectTask, CancellationToken cancellationToken)
   at Npgsql.TaskTimeoutAndCancellation.ExecuteAsync(Func`2 getTaskFunc, NpgsqlTimeout timeout, CancellationToken cancellationToken)
   at Npgsql.Internal.NpgsqlConnector.ConnectAsync(NpgsqlTimeout timeout, CancellationToken cancellationToken)
   at Npgsql.Internal.NpgsqlConnector.ConnectAsync(NpgsqlTimeout timeout, CancellationToken cancellationToken)
   at Npgsql.Internal.NpgsqlConnector.RawOpen(SslMode sslMode, NpgsqlTimeout timeout, Boolean async, CancellationToken cancellationToken)
   at Npgsql.Internal.NpgsqlConnector.&lt;Open&gt;g__OpenCore|214_1(NpgsqlConnector conn, SslMode sslMode, NpgsqlTimeout timeout, Boolean async, CancellationToken cancellationToken)
   at Npgsql.Internal.NpgsqlConnector.Open(NpgsqlTimeout timeout, Boolean async, CancellationToken cancellationToken)
   at Npgsql.PoolingDataSource.OpenNewConnector(NpgsqlConnection conn, NpgsqlTimeout timeout, Boolean async, CancellationToken cancellationToken)
   at Npgsql.PoolingDataSource.&lt;Get&gt;g__RentAsync|33_0(NpgsqlConnection conn, NpgsqlTimeout timeout, Boolean async, CancellationToken cancellationToken)
   at Npgsql.NpgsqlConnection.&lt;Open&gt;g__OpenAsync|42_0(Boolean async, CancellationToken cancellationToken)
   at Microsoft.EntityFrameworkCore.Storage.RelationalConnection.OpenInternalAsync(Boolean errorsExpected, CancellationToken cancellationToken)
   at Microsoft.EntityFrameworkCore.Storage.RelationalConnection.OpenInternalAsync(Boolean errorsExpected, CancellationToken cancellationToken)
   at Microsoft.EntityFrameworkCore.Storage.RelationalConnection.OpenAsync(CancellationToken cancellationToken, Boolean errorsExpected)
   at Microsoft.EntityFrameworkCore.Storage.RelationalCommand.ExecuteReaderAsync(RelationalCommandParameterObject parameterObject, CancellationToken cancellationToken)
   at Microsoft.EntityFrameworkCore.Query.Internal.SingleQueryingEnumerable`1.AsyncEnumerator.InitializeReaderAsync(AsyncEnumerator enumerator, CancellationToken cancellationToken)
   at Npgsql.EntityFrameworkCore.PostgreSQL.Storage.Internal.NpgsqlExecutionStrategy.ExecuteAsync[TState,TResult](TState state, Func`4 operation, Func`4 verifySucceeded, CancellationToken cancellationToken)
   --- End of inner exception stack trace ---
   at Npgsql.EntityFrameworkCore.PostgreSQL.Storage.Internal.NpgsqlExecutionStrategy.ExecuteAsync[TState,TResult](TState state, Func`4 operation, Func`4 verifySucceeded, CancellationToken cancellationToken)
   at Microsoft.EntityFrameworkCore.Query.Internal.SingleQueryingEnumerable`1.AsyncEnumerator.MoveNextAsync()
   at Microsoft.EntityFrameworkCore.EntityFrameworkQueryableExtensions.ToListAsync[TSource](IQueryable`1 source, CancellationToken cancellationToken)
   at Microsoft.EntityFrameworkCore.EntityFrameworkQueryableExtensions.ToListAsync[TSource](IQueryable`1 source, CancellationToken cancellationToken)
   at SnackSpotAuckland.Api.Controllers.V1.CategoriesController.GetCategories() in /Users/ss/Library/CloudStorage/OneDrive-TheUniversityofAuckland/msa/Snackwork/src/backend/SnackSpotAuckland.Api/Controllers/V1/CategoriesController.cs:line 34
</Data></EventData></Event><Event><System><Provider Name=".NET Runtime"/><EventID>1000</EventID><Level>1</Level><Task>0</Task><Keywords>Keywords</Keywords><TimeCreated SystemTime="2025-07-27T10:08:03Z"/><EventRecordID>10937718</EventRecordID><Channel>Application</Channel><Computer>dw0sdwk000OX1</Computer><Security/></System><EventData><Data>Category: SnackSpotAuckland.Api.Middleware.RequestLoggingMiddleware
EventId: 0
SpanId: 8b2e4bebf174da03
TraceId: 863a888c7615a129fa68a197fd3bce4e
ParentId: 0000000000000000
RequestId: 400000d6-0000-cf00-b63f-84710c7967bb
RequestPath: /api/v1/categories

Response 9a794250: 500 in 28943ms
</Data></EventData></Event><Event><System><Provider Name=".NET Runtime"/><EventID>1000</EventID><Level>2</Level><Task>0</Task><Keywords>Keywords</Keywords><TimeCreated SystemTime="2025-07-27T10:08:13Z"/><EventRecordID>10947796</EventRecordID><Channel>Application</Channel><Computer>dw0sdwk000OX1</Computer><Security/></System><EventData><Data>Category: SnackSpotAuckland.Api.Middleware.RequestLoggingMiddleware
EventId: 0
SpanId: 2886bd8d1b65f659
TraceId: 5e03773a9291a8d088fd55cfdaf31c07
ParentId: 0000000000000000
RequestId: 40000094-0000-bd00-b63f-84710c7967bb
RequestPath: /

Response 99682004: 404 in 25ms
</Data></EventData></Event></Events>