﻿<?xml version="1.0" encoding="utf-8"?>
<deployment>
  <id>f2b5c7f6081a414fa72a7483e318e880</id>
  <author>N/A</author>
  <deployer>OneDeploy</deployer>
  <authorEmail>N/A</authorEmail>
  <message>OneDeploy</message>
  <progress></progress>
  <status>Success</status>
  <statusText></statusText>
  <lastSuccessEndTime>2025-07-27T10:07:15.4837414Z</lastSuccessEndTime>
  <receivedTime>2025-07-27T10:07:05.8144329Z</receivedTime>
  <startTime>2025-07-27T10:07:06.14123Z</startTime>
  <endTime>2025-07-27T10:07:15.4837414Z</endTime>
  <complete>True</complete>
  <is_temp>False</is_temp>
  <is_readonly>True</is_readonly>
  <project_type>OneDeploy</project_type>
  <vsproject_id></vsproject_id>
</deployment>