<step title="Incoming Request" date="2025-07-27T10:07:03.891" instance="2e8d04" url="/api/publish?type=zip" method="POST" type="request" pid="1660,2,14" Cache-Control="no-cache" Content-Length="3992844" Content-Type="application/octet-stream" Accept="*/*" Accept-Encoding="gzip, deflate" Authorization="Bas..." Host="snackspot-auckland-api.scm.azurewebsites.net" User-Agent="AZURECLI/2.75.0 (HOMEBREW)" x-ms-client-request-id="6d021a2a-6ad1-11f0-a74f-6e45003a8cdb" X-ARR-LOG-ID="6d021a2a-6ad1-11f0-a74f-6e45003a8cdb" CLIENT-IP="203.211.76.237:32245" X-SITE-DEPLOYMENT-ID="snackspot-auckland-api" WAS-DEFAULT-HOSTNAME="snackspot-auckland-api.scm.azurewebsites.net" X-Forwarded-Proto="https" X-AppService-Proto="https" X-Forwarded-TlsVersion="1.3" X-WAWS-Unencoded-URL="/api/publish?type=zip" >
  <step title="Cleanup Xml Logs" date="2025-07-27T10:07:03.891" /><!-- duration: 16ms -->
  <step title="OneDeploy" date="2025-07-27T10:07:04.002" >
    <step title="Starting PushDeployAsync" date="2025-07-27T10:07:04.016" /><!-- duration: 0ms -->
    <step title="Updating shutdown sentinel last write time" date="2025-07-27T10:07:04.050" SemaphoreCount="7" /><!-- duration: 13ms -->
    <step title="LockFile &apos;C:\home\site\locks\deployments.lock&apos; acquired" date="2025-07-27T10:07:04.141" /><!-- duration: 0ms -->
    <step title="Saving request content to C:\local\Temp\zipdeploy\fb4uhpp4.zip" date="2025-07-27T10:07:04.156" >
      <step title="Total 3,992,844 bytes written to C:\local\Temp\zipdeploy\fb4uhpp4.zip" date="2025-07-27T10:07:04.406" /><!-- duration: 16ms -->
    </step><!-- duration: 266ms -->
    <step title="LockFile &apos;C:\home\site\locks\deployments.lock&apos; released" date="2025-07-27T10:07:04.422" /><!-- duration: 16ms -->
    <step title="Deleting shutdown sentinel file" date="2025-07-27T10:07:04.453" SemaphoreCount="8" /><!-- duration: 0ms -->
    <step title="Starting FetchDeploy" date="2025-07-27T10:07:04.469" /><!-- duration: 0ms -->
    <step title="Attempting to fetch target branch HEAD" date="2025-07-27T10:07:04.484" /><!-- duration: 31ms -->
    <step title="Updating shutdown sentinel last write time" date="2025-07-27T10:07:04.531" SemaphoreCount="7" /><!-- duration: 16ms -->
    <step title="LockFile &apos;C:\home\site\locks\deployments.lock&apos; acquired" date="2025-07-27T10:07:04.563" /><!-- duration: 0ms -->
    <step title="Performing fetch based deployment" date="2025-07-27T10:07:04.578" >
      <step title="Creating temporary deployment" date="2025-07-27T10:07:04.578" /><!-- duration: 47ms -->
      <step title="Fetching changes." date="2025-07-27T10:07:04.689" /><!-- duration: 15ms -->
      <step title="Starting LocalZipHandler" date="2025-07-27T10:07:04.719" /><!-- duration: 0ms -->
      <step title="Starting LocalZipFetch" date="2025-07-27T10:07:04.734" /><!-- duration: 0ms -->
      <step title="Cleaning up temp folders from previous zip deployments and extracting pushed zip file C:\local\Temp\zipdeploy\fb4uhpp4.zip (3.81 MB) to C:\local\Temp\zipdeploy\extracted" date="2025-07-27T10:07:04.766" /><!-- duration: 0ms -->
      <step title="Cleaning up temp folders from previous zip deployments and extracting pushed zip file C:\local\Temp\zipdeploy\fb4uhpp4.zip (3.81 MB) to C:\local\Temp\zipdeploy\extracted" date="2025-07-27T10:07:04.781" >
        <step title="Renaming extractTargetDirectory(C:\local\Temp\zipdeploy\extracted) to tempDirectory(C:\local\Temp\zipdeploy\10ikvxcv.0aq)" date="2025-07-27T10:07:04.781" /><!-- duration: 16ms -->
        <step title="Extracting 49 entries to C:\local\Temp\zipdeploy\extracted directory" date="2025-07-27T10:07:04.797" >
          <step title="Extracting to C:\local\Temp\zipdeploy\extracted\Microsoft.IdentityModel.Logging.dll ..." date="2025-07-27T10:07:04.862" /><!-- duration: 13ms -->
          <step title="Extracting to C:\local\Temp\zipdeploy\extracted\BCrypt.Net-Next.dll ..." date="2025-07-27T10:07:04.892" /><!-- duration: 0ms -->
          <step title="Extracting to C:\local\Temp\zipdeploy\extracted\Npgsql.EntityFrameworkCore.PostgreSQL.dll ..." date="2025-07-27T10:07:04.906" /><!-- duration: 33ms -->
          <step title="Extracting to C:\local\Temp\zipdeploy\extracted\Microsoft.EntityFrameworkCore.dll ..." date="2025-07-27T10:07:04.953" /><!-- duration: 141ms -->
          <step title="Extracting to C:\local\Temp\zipdeploy\extracted\SnackSpotAuckland.Api.xml ..." date="2025-07-27T10:07:05.112" /><!-- duration: 13ms -->
          <step title="Omitting extracting file traces ..." date="2025-07-27T10:07:05.141" /><!-- duration: 0ms -->
          <step title="Extracting to C:\local\Temp\zipdeploy\extracted\Microsoft.Extensions.DependencyInjection.Abstractions.dll ..." date="2025-07-27T10:07:05.645" /><!-- duration: 11ms -->
          <step title="Extracting to C:\local\Temp\zipdeploy\extracted\SnackSpotAuckland.Api.dll ..." date="2025-07-27T10:07:05.672" /><!-- duration: 20ms -->
          <step title="Extracting to C:\local\Temp\zipdeploy\extracted\appsettings.Production.json ..." date="2025-07-27T10:07:05.692" /><!-- duration: 13ms -->
          <step title="Extracting to C:\local\Temp\zipdeploy\extracted\Swashbuckle.AspNetCore.Swagger.dll ..." date="2025-07-27T10:07:05.705" /><!-- duration: 14ms -->
        </step><!-- duration: 922ms -->
      </step><!-- duration: 953ms -->
      <step title="None repository commit" date="2025-07-27T10:07:05.734" >
        <step title="Commit id: f2b5c7f6081a414fa72a7483e318e880" date="2025-07-27T10:07:05.734" Message="OneDeploy" AuthorName="N/A" AuthorEmail="N/A" /><!-- duration: 16ms -->
      </step><!-- duration: 16ms -->
      <step title="Before sending BuildRequestReceived status to /api/updatedeploystatus" date="2025-07-27T10:07:05.750" /><!-- duration: 16ms -->
      <step title="DeploymentManager.Deploy(id:f2b5c7f6081a414fa72a7483e318e880)" date="2025-07-27T10:07:05.766" >
        <step title="Collecting changeset information" date="2025-07-27T10:07:05.782" /><!-- duration: 111ms -->
        <step title="Updating submodules" date="2025-07-27T10:07:05.906" >
          <step title="Updating submodules." date="2025-07-27T10:07:05.984" /><!-- duration: 0ms -->
        </step><!-- duration: 94ms -->
        <step title="Preparing deployment for commit id &apos;f2b5c7f608&apos;." date="2025-07-27T10:07:06.094" /><!-- duration: 16ms -->
        <step title="Determining deployment builder" date="2025-07-27T10:07:06.172" >
          <step title="Builder is OneDeployBuilder" date="2025-07-27T10:07:06.188" /><!-- duration: 16ms -->
        </step><!-- duration: 31ms -->
        <step title="Copying SSH keys" date="2025-07-27T10:07:06.234" /><!-- duration: 16ms -->
        <step title="Building" date="2025-07-27T10:07:06.250" >
          <step title="Running build. Project type: OneDeploy" date="2025-07-27T10:07:06.314" /><!-- duration: 14ms -->
          <step title="Copying the manifest" date="2025-07-27T10:07:06.413" /><!-- duration: 0ms -->
          <step title="Clean deploying to C:\home\site\wwwroot" date="2025-07-27T10:07:06.508" /><!-- duration: 0ms -->
          <step title="Generating deployment script." date="2025-07-27T10:07:06.585" /><!-- duration: 16ms -->
          <step title="Generating deployment script" date="2025-07-27T10:07:06.620" >
            <step title="Using cached version of the deployment script for command: -y --no-dot-deployment -r &quot;C:\local\Temp\zipdeploy\extracted&quot; -o &quot;C:\home\site\deployments\tools&quot; --basic --sitePath &quot;C:\local\Temp\zipdeploy\extracted&quot;" date="2025-07-27T10:07:06.649" /><!-- duration: 0ms -->
            <step title="Using cached version of deployment script (command: &apos;azure -y --no-dot-deployment -r &quot;C:\local\Temp\zipdeploy\extracted&quot; -o &quot;C:\home\site\deployments\tools&quot; --basic --sitePath &quot;C:\local\Temp\zipdeploy\extracted&quot;&apos;)." date="2025-07-27T10:07:06.679" /><!-- duration: 0ms -->
          </step><!-- duration: 90ms -->
          <step title="Running deployment command..." date="2025-07-27T10:07:06.772" /><!-- duration: 16ms -->
          <step title="Command: &quot;C:\home\site\deployments\tools\deploy.cmd&quot;" date="2025-07-27T10:07:06.804" /><!-- duration: 0ms -->
          <step title="Executing external process" date="2025-07-27T10:07:06.835" type="process" path="starter.cmd" arguments="&quot;C:\home\site\deployments\tools\deploy.cmd&quot;" >
            <step title="Handling Basic Web Site deployment." date="2025-07-27T10:07:07.366" /><!-- duration: 16ms -->
            <step title="Creating app_offline.htm" date="2025-07-27T10:07:13.156" /><!-- duration: 16ms -->
            <step title="KuduSync.NET from: &apos;C:\local\Temp\zipdeploy\extracted&apos; to: &apos;C:\home\site\wwwroot&apos;" date="2025-07-27T10:07:13.203" /><!-- duration: 16ms -->
            <step title="Copying file: &apos;SnackSpotAuckland.Api&apos;" date="2025-07-27T10:07:13.285" /><!-- duration: 11ms -->
            <step title="Copying file: &apos;SnackSpotAuckland.Api.dll&apos;" date="2025-07-27T10:07:13.312" /><!-- duration: 16ms -->
            <step title="Copying file: &apos;SnackSpotAuckland.Api.pdb&apos;" date="2025-07-27T10:07:13.344" /><!-- duration: 15ms -->
            <step title="Copying file: &apos;SnackSpotAuckland.Api.xml&apos;" date="2025-07-27T10:07:13.376" /><!-- duration: 14ms -->
            <step title="Copying file: &apos;publish\appsettings.Development.json&apos;" date="2025-07-27T10:07:13.422" /><!-- duration: 0ms -->
            <step title="Copying file: &apos;publish\appsettings.json&apos;" date="2025-07-27T10:07:13.437" /><!-- duration: 16ms -->
            <step title="Copying file: &apos;publish\appsettings.Production.json&apos;" date="2025-07-27T10:07:13.468" /><!-- duration: 16ms -->
            <step title="Copying file: &apos;publish\package-lock.json&apos;" date="2025-07-27T10:07:13.500" /><!-- duration: 0ms -->
            <step title="Copying file: &apos;publish\SnackSpotAuckland.Api.deps.json&apos;" date="2025-07-27T10:07:13.515" /><!-- duration: 16ms -->
            <step title="Copying file: &apos;publish\SnackSpotAuckland.Api.runtimeconfig.json&apos;" date="2025-07-27T10:07:13.562" /><!-- duration: 0ms -->
            <step title="Copying file: &apos;publish\SnackSpotAuckland.Api.staticwebassets.endpoints.json&apos;" date="2025-07-27T10:07:13.593" /><!-- duration: 18ms -->
            <step title="Copying file: &apos;publish\web.config&apos;" date="2025-07-27T10:07:13.624" /><!-- duration: 16ms -->
            <step title="Deleting app_offline.htm" date="2025-07-27T10:07:13.656" /><!-- duration: 0ms -->
            <step title="Finished successfully." date="2025-07-27T10:07:13.687" /><!-- duration: 0ms -->
          </step><!-- duration: 6867ms -->
          <step title="Build completed succesfully." date="2025-07-27T10:07:13.781" /><!-- duration: 0ms -->
          <step title="Running post deployment command(s)..." date="2025-07-27T10:07:14.194" /><!-- duration: 0ms -->
          <step title="Requesting site restart" date="2025-07-27T10:07:14.304" /><!-- duration: 16ms -->
          <step title="Requesting site restart" date="2025-07-27T10:07:14.320" /><!-- duration: 15ms -->
          <step title="Requesting site restart. Attempt #1" date="2025-07-27T10:07:14.397" /><!-- duration: 0ms -->
          <step title="Requesting site restart. Attempt #1" date="2025-07-27T10:07:14.413" /><!-- duration: 0ms -->
          <step title="Successfully requested a restart. Attempt #1" date="2025-07-27T10:07:15.328" /><!-- duration: 13ms -->
          <step title="Successfully requested a restart. Attempt #1" date="2025-07-27T10:07:15.342" /><!-- duration: 0ms -->
          <step title="Deployment successful. DEPLOYMENTINFO: deploymentPath = OneDeploy, deployer = OneDeploy, os = windows, sku = Basic, siteName = snackspot-auckland-api, siteHostName = snackspot-auckland-api.azurewebsites.net, deploymentStatus = Success" date="2025-07-27T10:07:15.435" /><!-- duration: 0ms -->
        </step><!-- duration: 9388ms -->
      </step><!-- duration: 9873ms -->
      <step title="Cleaning up temp files" date="2025-07-27T10:07:15.639" /><!-- duration: 16ms -->
      <step title="Skip function trigger and logicapp sync because function is not enabled." date="2025-07-27T10:07:15.654" /><!-- duration: 16ms -->
    </step><!-- duration: 11170ms -->
    <step title="LockFile &apos;C:\home\site\locks\deployments.lock&apos; released" date="2025-07-27T10:07:15.748" /><!-- duration: 18ms -->
    <step title="Deleting shutdown sentinel file" date="2025-07-27T10:07:15.779" SemaphoreCount="8" /><!-- duration: 0ms -->
  </step><!-- duration: 11778ms -->
  <step title="Outgoing response" date="2025-07-27T10:07:15.795" type="response" statusCode="200" statusText="OK" Server="Microsoft-IIS/10.0" x-ms-request-id="6d021a2a-6ad1-11f0-a74f-6e45003a8cdb" Cache-Control="private" X-AspNet-Version="4.0.30319" /><!-- duration: 16ms -->
</step><!-- duration: 11920ms -->
