<step title="Incoming Request" date="2025-07-27T10:05:03.213" instance="2e8d04" url="/api/publish?type=zip" method="POST" type="request" pid="1660,2,7" Cache-Control="no-cache" Connection="Keep-Alive" Content-Length="3982348" Content-Type="application/octet-stream" Accept="*/*" Accept-Encoding="gzip, deflate" Authorization="Bas..." Host="snackspot-auckland-api.scm.azurewebsites.net" User-Agent="AZURECLI/2.75.0 (HOMEBREW)" x-ms-client-request-id="211fe542-6ad1-11f0-9e74-6e45003a8cdb" X-ARR-LOG-ID="211fe542-6ad1-11f0-9e74-6e45003a8cdb" CLIENT-IP="203.211.76.237:16535" X-SITE-DEPLOYMENT-ID="snackspot-auckland-api" WAS-DEFAULT-HOSTNAME="snackspot-auckland-api.scm.azurewebsites.net" X-Forwarded-Proto="https" X-AppService-Proto="https" X-Forwarded-TlsVersion="1.3" X-WAWS-Unencoded-URL="/api/publish?type=zip" X-MS-COLDSTART="1" >
  <step title="OneDeploy" date="2025-07-27T10:05:05.107" >
    <step title="Starting PushDeployAsync" date="2025-07-27T10:05:05.200" /><!-- duration: 14ms -->
    <step title="Updating shutdown sentinel last write time" date="2025-07-27T10:05:05.575" SemaphoreCount="7" /><!-- duration: 14ms -->
    <step title="LockFile &apos;C:\home\site\locks\deployments.lock&apos; acquired" date="2025-07-27T10:05:05.589" /><!-- duration: 0ms -->
    <step title="Saving request content to C:\local\Temp\zipdeploy\g5mrm53k.zip" date="2025-07-27T10:05:05.606" >
      <step title="Total 3,982,348 bytes written to C:\local\Temp\zipdeploy\g5mrm53k.zip" date="2025-07-27T10:05:05.792" /><!-- duration: 0ms -->
    </step><!-- duration: 218ms -->
    <step title="LockFile &apos;C:\home\site\locks\deployments.lock&apos; released" date="2025-07-27T10:05:05.839" /><!-- duration: 0ms -->
    <step title="Deleting shutdown sentinel file" date="2025-07-27T10:05:05.855" SemaphoreCount="8" /><!-- duration: 0ms -->
    <step title="Starting FetchDeploy" date="2025-07-27T10:05:05.870" /><!-- duration: 0ms -->
    <step title="Attempting to fetch target branch HEAD" date="2025-07-27T10:05:05.886" /><!-- duration: 0ms -->
    <step title="Updating shutdown sentinel last write time" date="2025-07-27T10:05:06.058" SemaphoreCount="7" /><!-- duration: 16ms -->
    <step title="LockFile &apos;C:\home\site\locks\deployments.lock&apos; acquired" date="2025-07-27T10:05:06.073" /><!-- duration: 0ms -->
    <step title="Performing fetch based deployment" date="2025-07-27T10:05:06.106" >
      <step title="Creating temporary deployment" date="2025-07-27T10:05:06.106" /><!-- duration: 124ms -->
      <step title="Fetching changes." date="2025-07-27T10:05:06.433" /><!-- duration: 0ms -->
      <step title="Starting LocalZipHandler" date="2025-07-27T10:05:06.449" /><!-- duration: 16ms -->
      <step title="Starting LocalZipFetch" date="2025-07-27T10:05:06.480" /><!-- duration: 0ms -->
      <step title="Cleaning up temp folders from previous zip deployments and extracting pushed zip file C:\local\Temp\zipdeploy\g5mrm53k.zip (3.80 MB) to C:\local\Temp\zipdeploy\extracted" date="2025-07-27T10:05:06.495" /><!-- duration: 0ms -->
      <step title="Cleaning up temp folders from previous zip deployments and extracting pushed zip file C:\local\Temp\zipdeploy\g5mrm53k.zip (3.80 MB) to C:\local\Temp\zipdeploy\extracted" date="2025-07-27T10:05:06.511" >
        <step title="Extracting 40 entries to C:\local\Temp\zipdeploy\extracted directory" date="2025-07-27T10:05:06.527" >
          <step title="Extracting to C:\local\Temp\zipdeploy\extracted\Microsoft.IdentityModel.Logging.dll ..." date="2025-07-27T10:05:06.527" /><!-- duration: 16ms -->
          <step title="Extracting to C:\local\Temp\zipdeploy\extracted\BCrypt.Net-Next.dll ..." date="2025-07-27T10:05:06.542" /><!-- duration: 16ms -->
          <step title="Extracting to C:\local\Temp\zipdeploy\extracted\Npgsql.EntityFrameworkCore.PostgreSQL.dll ..." date="2025-07-27T10:05:06.558" /><!-- duration: 33ms -->
          <step title="Extracting to C:\local\Temp\zipdeploy\extracted\Microsoft.EntityFrameworkCore.dll ..." date="2025-07-27T10:05:06.610" /><!-- duration: 135ms -->
          <step title="Extracting to C:\local\Temp\zipdeploy\extracted\SnackSpotAuckland.Api.xml ..." date="2025-07-27T10:05:06.763" /><!-- duration: 14ms -->
          <step title="Omitting extracting file traces ..." date="2025-07-27T10:05:06.792" /><!-- duration: 0ms -->
          <step title="Extracting to C:\local\Temp\zipdeploy\extracted\appsettings.Development.json ..." date="2025-07-27T10:05:07.325" /><!-- duration: 14ms -->
          <step title="Extracting to C:\local\Temp\zipdeploy\extracted\Microsoft.Extensions.DependencyInjection.Abstractions.dll ..." date="2025-07-27T10:05:07.355" /><!-- duration: 15ms -->
          <step title="Extracting to C:\local\Temp\zipdeploy\extracted\SnackSpotAuckland.Api.dll ..." date="2025-07-27T10:05:07.370" /><!-- duration: 34ms -->
          <step title="Extracting to C:\local\Temp\zipdeploy\extracted\appsettings.Production.json ..." date="2025-07-27T10:05:07.404" /><!-- duration: 13ms -->
          <step title="Extracting to C:\local\Temp\zipdeploy\extracted\Swashbuckle.AspNetCore.Swagger.dll ..." date="2025-07-27T10:05:07.433" /><!-- duration: 0ms -->
        </step><!-- duration: 906ms -->
      </step><!-- duration: 971ms -->
      <step title="None repository commit" date="2025-07-27T10:05:07.495" >
        <step title="Commit id: f3683ef27a254c7a9fbdc227dcd46a93" date="2025-07-27T10:05:07.495" Message="OneDeploy" AuthorName="N/A" AuthorEmail="N/A" /><!-- duration: 0ms -->
      </step><!-- duration: 16ms -->
      <step title="Before sending BuildRequestReceived status to /api/updatedeploystatus" date="2025-07-27T10:05:07.511" /><!-- duration: 16ms -->
      <step title="DeploymentManager.Deploy(id:f3683ef27a254c7a9fbdc227dcd46a93)" date="2025-07-27T10:05:07.545" >
        <step title="Collecting changeset information" date="2025-07-27T10:05:07.545" /><!-- duration: 76ms -->
        <step title="Updating submodules" date="2025-07-27T10:05:07.620" >
          <step title="Updating submodules." date="2025-07-27T10:05:07.683" /><!-- duration: 0ms -->
        </step><!-- duration: 78ms -->
        <step title="Preparing deployment for commit id &apos;f3683ef27a&apos;." date="2025-07-27T10:05:07.777" /><!-- duration: 16ms -->
        <step title="Determining deployment builder" date="2025-07-27T10:05:07.855" >
          <step title="Builder is OneDeployBuilder" date="2025-07-27T10:05:07.870" /><!-- duration: 0ms -->
        </step><!-- duration: 31ms -->
        <step title="Copying SSH keys" date="2025-07-27T10:05:07.917" /><!-- duration: 16ms -->
        <step title="Building" date="2025-07-27T10:05:07.949" >
          <step title="Running build. Project type: OneDeploy" date="2025-07-27T10:05:07.980" /><!-- duration: 16ms -->
          <step title="Copying the manifest" date="2025-07-27T10:05:08.074" /><!-- duration: 0ms -->
          <step title="Clean deploying to C:\home\site\wwwroot" date="2025-07-27T10:05:08.152" /><!-- duration: 16ms -->
          <step title="Generating deployment script." date="2025-07-27T10:05:08.214" /><!-- duration: 0ms -->
          <step title="Generating deployment script" date="2025-07-27T10:05:08.230" >
            <step title="Using the following command to generate deployment script: &apos;azure site deploymentscript -y --no-dot-deployment -r &quot;C:\local\Temp\zipdeploy\extracted&quot; -o &quot;C:\home\site\deployments\tools&quot; --basic --sitePath &quot;C:\local\Temp\zipdeploy\extracted&quot;&apos;." date="2025-07-27T10:05:08.339" /><!-- duration: 0ms -->
            <step title="Executing external process" date="2025-07-27T10:05:08.390" type="process" path="starter.cmd" arguments="&quot;C:\Program Files (x86)\SiteExtensions\Kudu\2025.06.2.6\bin\node_modules\.bin\kuduscript.cmd&quot; -y --no-dot-deployment -r &quot;C:\local\Temp\zipdeploy\extracted&quot; -o &quot;C:\home\site\deployments\tools&quot; --basic --sitePath &quot;C:\local\Temp\zipdeploy\extracted&quot;" >
              <step title="Generating deployment script for Web Site" date="2025-07-27T10:05:09.496" /><!-- duration: 15ms -->
            </step><!-- duration: 1121ms -->
            <step title="Saved cached version of the deployment script for command -y --no-dot-deployment -r &quot;C:\local\Temp\zipdeploy\extracted&quot; -o &quot;C:\home\site\deployments\tools&quot; --basic --sitePath &quot;C:\local\Temp\zipdeploy\extracted&quot;" date="2025-07-27T10:05:09.574" /><!-- duration: 0ms -->
          </step><!-- duration: 1375ms -->
          <step title="Running deployment command..." date="2025-07-27T10:05:10.480" /><!-- duration: 0ms -->
          <step title="Command: &quot;C:\home\site\deployments\tools\deploy.cmd&quot;" date="2025-07-27T10:05:10.495" /><!-- duration: 0ms -->
          <step title="Executing external process" date="2025-07-27T10:05:10.527" type="process" path="starter.cmd" arguments="&quot;C:\home\site\deployments\tools\deploy.cmd&quot;" >
            <step title="Handling Basic Web Site deployment." date="2025-07-27T10:05:12.027" /><!-- duration: 0ms -->
            <step title="Creating app_offline.htm" date="2025-07-27T10:05:12.042" /><!-- duration: 16ms -->
            <step title="KuduSync.NET from: &apos;C:\local\Temp\zipdeploy\extracted&apos; to: &apos;C:\home\site\wwwroot&apos;" date="2025-07-27T10:05:12.089" /><!-- duration: 0ms -->
            <step title="Deleting file: &apos;hostingstart.html&apos;" date="2025-07-27T10:05:12.121" /><!-- duration: 0ms -->
            <step title="Copying file: &apos;appsettings.Development.json&apos;" date="2025-07-27T10:05:12.152" /><!-- duration: 16ms -->
            <step title="Copying file: &apos;appsettings.json&apos;" date="2025-07-27T10:05:12.183" /><!-- duration: 16ms -->
            <step title="Copying file: &apos;appsettings.Production.json&apos;" date="2025-07-27T10:05:12.214" /><!-- duration: 0ms -->
            <step title="Copying file: &apos;BCrypt.Net-Next.dll&apos;" date="2025-07-27T10:05:12.292" /><!-- duration: 16ms -->
            <step title="Copying file: &apos;Microsoft.AspNetCore.Authentication.JwtBearer.dll&apos;" date="2025-07-27T10:05:12.324" /><!-- duration: 0ms -->
            <step title="Copying file: &apos;Microsoft.AspNetCore.OpenApi.dll&apos;" date="2025-07-27T10:05:12.386" /><!-- duration: 16ms -->
            <step title="Copying file: &apos;Microsoft.EntityFrameworkCore.Abstractions.dll&apos;" date="2025-07-27T10:05:12.417" /><!-- duration: 16ms -->
            <step title="Copying file: &apos;Microsoft.EntityFrameworkCore.dll&apos;" date="2025-07-27T10:05:12.449" /><!-- duration: 0ms -->
            <step title="Copying file: &apos;Microsoft.EntityFrameworkCore.Relational.dll&apos;" date="2025-07-27T10:05:12.464" /><!-- duration: 16ms -->
            <step title="Copying file: &apos;Microsoft.Extensions.Caching.Abstractions.dll&apos;" date="2025-07-27T10:05:12.495" /><!-- duration: 0ms -->
            <step title="Copying file: &apos;Microsoft.Extensions.Caching.Memory.dll&apos;" date="2025-07-27T10:05:12.527" /><!-- duration: 0ms -->
            <step title="Copying file: &apos;Microsoft.Extensions.Configuration.Abstractions.dll&apos;" date="2025-07-27T10:05:12.543" /><!-- duration: 0ms -->
            <step title="Copying file: &apos;Microsoft.Extensions.DependencyInjection.Abstractions.dll&apos;" date="2025-07-27T10:05:12.575" /><!-- duration: 0ms -->
            <step title="Copying file: &apos;Microsoft.Extensions.DependencyInjection.dll&apos;" date="2025-07-27T10:05:12.591" /><!-- duration: 0ms -->
            <step title="Copying file: &apos;Microsoft.Extensions.Logging.Abstractions.dll&apos;" date="2025-07-27T10:05:12.609" /><!-- duration: 0ms -->
            <step title="Copying file: &apos;Microsoft.Extensions.Logging.dll&apos;" date="2025-07-27T10:05:12.638" /><!-- duration: 16ms -->
            <step title="Copying file: &apos;Microsoft.Extensions.Options.dll&apos;" date="2025-07-27T10:05:12.716" /><!-- duration: 0ms -->
            <step title="Copying file: &apos;Microsoft.Extensions.Primitives.dll&apos;" date="2025-07-27T10:05:12.747" /><!-- duration: 0ms -->
            <step title="Copying file: &apos;Microsoft.IdentityModel.Abstractions.dll&apos;" date="2025-07-27T10:05:12.763" /><!-- duration: 16ms -->
            <step title="Copying file: &apos;Microsoft.IdentityModel.JsonWebTokens.dll&apos;" date="2025-07-27T10:05:12.778" /><!-- duration: 16ms -->
            <step title="Copying file: &apos;Microsoft.IdentityModel.Logging.dll&apos;" date="2025-07-27T10:05:12.809" /><!-- duration: 16ms -->
            <step title="Copying file: &apos;Microsoft.IdentityModel.Protocols.dll&apos;" date="2025-07-27T10:05:12.841" /><!-- duration: 16ms -->
            <step title="Copying file: &apos;Microsoft.IdentityModel.Protocols.OpenIdConnect.dll&apos;" date="2025-07-27T10:05:12.888" /><!-- duration: 0ms -->
            <step title="Copying file: &apos;Microsoft.IdentityModel.Tokens.dll&apos;" date="2025-07-27T10:05:12.919" /><!-- duration: 0ms -->
            <step title="Copying file: &apos;Microsoft.OpenApi.dll&apos;" date="2025-07-27T10:05:12.997" /><!-- duration: 0ms -->
            <step title="Copying file: &apos;Npgsql.dll&apos;" date="2025-07-27T10:05:13.013" /><!-- duration: 16ms -->
            <step title="Copying file: &apos;Npgsql.EntityFrameworkCore.PostgreSQL.dll&apos;" date="2025-07-27T10:05:13.044" /><!-- duration: 0ms -->
            <step title="Copying file: &apos;package-lock.json&apos;" date="2025-07-27T10:05:13.075" /><!-- duration: 16ms -->
            <step title="Copying file: &apos;SnackSpotAuckland.Api&apos;" date="2025-07-27T10:05:13.106" /><!-- duration: 16ms -->
            <step title="Copying file: &apos;SnackSpotAuckland.Api.deps.json&apos;" date="2025-07-27T10:05:13.153" /><!-- duration: 16ms -->
            <step title="Copying file: &apos;SnackSpotAuckland.Api.dll&apos;" date="2025-07-27T10:05:13.200" /><!-- duration: 0ms -->
            <step title="Copying file: &apos;SnackSpotAuckland.Api.pdb&apos;" date="2025-07-27T10:05:13.216" /><!-- duration: 16ms -->
            <step title="Copying file: &apos;SnackSpotAuckland.Api.runtimeconfig.json&apos;" date="2025-07-27T10:05:13.247" /><!-- duration: 0ms -->
            <step title="Copying file: &apos;SnackSpotAuckland.Api.staticwebassets.endpoints.json&apos;" date="2025-07-27T10:05:13.263" /><!-- duration: 0ms -->
            <step title="Copying file: &apos;SnackSpotAuckland.Api.xml&apos;" date="2025-07-27T10:05:13.278" /><!-- duration: 0ms -->
            <step title="Copying file: &apos;Swashbuckle.AspNetCore.Swagger.dll&apos;" date="2025-07-27T10:05:13.294" /><!-- duration: 16ms -->
            <step title="Copying file: &apos;Swashbuckle.AspNetCore.SwaggerGen.dll&apos;" date="2025-07-27T10:05:13.325" /><!-- duration: 0ms -->
            <step title="Copying file: &apos;Swashbuckle.AspNetCore.SwaggerUI.dll&apos;" date="2025-07-27T10:05:13.357" /><!-- duration: 0ms -->
            <step title="Copying file: &apos;System.IdentityModel.Tokens.Jwt.dll&apos;" date="2025-07-27T10:05:13.372" /><!-- duration: 0ms -->
            <step title="Copying file: &apos;web.config&apos;" date="2025-07-27T10:05:13.403" /><!-- duration: 0ms -->
            <step title="Deleting app_offline.htm" date="2025-07-27T10:05:13.419" /><!-- duration: 0ms -->
            <step title="Finished successfully." date="2025-07-27T10:05:13.450" /><!-- duration: 0ms -->
          </step><!-- duration: 2974ms -->
          <step title="Build completed succesfully." date="2025-07-27T10:05:13.559" /><!-- duration: 0ms -->
          <step title="Running post deployment command(s)..." date="2025-07-27T10:05:13.622" /><!-- duration: 16ms -->
          <step title="Requesting site restart" date="2025-07-27T10:05:13.731" /><!-- duration: 0ms -->
          <step title="Requesting site restart" date="2025-07-27T10:05:13.747" /><!-- duration: 31ms -->
          <step title="Requesting site restart. Attempt #1" date="2025-07-27T10:05:13.856" /><!-- duration: 0ms -->
          <step title="Requesting site restart. Attempt #1" date="2025-07-27T10:05:13.872" /><!-- duration: 16ms -->
          <step title="Successfully requested a restart. Attempt #1" date="2025-07-27T10:05:14.997" /><!-- duration: 0ms -->
          <step title="Successfully requested a restart. Attempt #1" date="2025-07-27T10:05:15.013" /><!-- duration: 0ms -->
          <step title="Deployment successful. DEPLOYMENTINFO: deploymentPath = OneDeploy, deployer = OneDeploy, os = windows, sku = Basic, siteName = snackspot-auckland-api, siteHostName = snackspot-auckland-api.azurewebsites.net, deploymentStatus = Success" date="2025-07-27T10:05:15.075" /><!-- duration: 0ms -->
          <step title="Purge deployment items" date="2025-07-27T10:05:15.388" >
            <step title="Remove temp-dccf, Failed, received at 7/27/2025 9:52:53 AM" date="2025-07-27T10:05:15.481" /><!-- duration: 0ms -->
          </step><!-- duration: 109ms -->
        </step><!-- duration: 7580ms -->
      </step><!-- duration: 7984ms -->
      <step title="Cleaning up temp files" date="2025-07-27T10:05:15.544" /><!-- duration: 0ms -->
      <step title="Skip function trigger and logicapp sync because function is not enabled." date="2025-07-27T10:05:15.560" /><!-- duration: 0ms -->
    </step><!-- duration: 9547ms -->
    <step title="LockFile &apos;C:\home\site\locks\deployments.lock&apos; released" date="2025-07-27T10:05:15.669" /><!-- duration: 0ms -->
    <step title="Deleting shutdown sentinel file" date="2025-07-27T10:05:15.685" SemaphoreCount="8" /><!-- duration: 16ms -->
  </step><!-- duration: 10594ms -->
  <step title="Outgoing response" date="2025-07-27T10:05:15.783" type="response" statusCode="200" statusText="OK" Server="Microsoft-IIS/10.0" x-ms-request-id="211fe542-6ad1-11f0-9e74-6e45003a8cdb" Cache-Control="private" X-AspNet-Version="4.0.30319" /><!-- duration: 11ms -->
</step><!-- duration: 12581ms -->
