<step title="Incoming Request" date="2025-07-27T09:52:32.504" instance="c01540" url="/api/zipdeploy?isAsync=true" method="POST" type="request" pid="12592,2,8" Cache-Control="no-cache" Connection="Keep-Alive" Content-Length="158956351" Content-Type="application/octet-stream" Accept="*/*" Accept-Encoding="gzip, deflate" Authorization="Bas..." Host="snackspot-auckland-api.scm.azurewebsites.net" User-Agent="AZURECLI/2.75.0 (HOMEBREW)" x-ms-client-request-id="38ab302e-6acf-11f0-8bb6-6e45003a8cdb" X-ARR-LOG-ID="38ab302e-6acf-11f0-8bb6-6e45003a8cdb" CLIENT-IP="203.211.76.237:51647" X-SITE-DEPLOYMENT-ID="snackspot-auckland-api" WAS-DEFAULT-HOSTNAME="snackspot-auckland-api.scm.azurewebsites.net" X-Forwarded-Proto="https" X-AppService-Proto="https" X-Forwarded-TlsVersion="1.3" X-WAWS-Unencoded-URL="/api/zipdeploy?isAsync=true" X-MS-COLDSTART="1" >
  <step title="ZipPushDeploy" date="2025-07-27T09:52:32.707" >
    <step title="ZipDeploy. Extract zip. " date="2025-07-27T09:52:32.738" /><!-- duration: 0ms -->
    <step title="Starting PushDeployAsync" date="2025-07-27T09:52:32.738" /><!-- duration: 16ms -->
    <step title="Updating shutdown sentinel last write time" date="2025-07-27T09:52:32.785" SemaphoreCount="7" /><!-- duration: 16ms -->
    <step title="LockFile &apos;C:\home\site\locks\deployments.lock&apos; acquired" date="2025-07-27T09:52:32.801" /><!-- duration: 0ms -->
    <step title="Saving request content to C:\local\Temp\zipdeploy\wvgirjgr.zip" date="2025-07-27T09:52:32.801" >
      <step title="Total 158,956,351 bytes written to C:\local\Temp\zipdeploy\wvgirjgr.zip" date="2025-07-27T09:52:53.549" /><!-- duration: 0ms -->
    </step><!-- duration: 20748ms -->
    <step title="LockFile &apos;C:\home\site\locks\deployments.lock&apos; released" date="2025-07-27T09:52:53.565" /><!-- duration: 0ms -->
    <step title="Deleting shutdown sentinel file" date="2025-07-27T09:52:53.565" SemaphoreCount="8" /><!-- duration: 0ms -->
    <step title="Starting FetchDeploy" date="2025-07-27T09:52:53.565" /><!-- duration: 16ms -->
    <step title="Start deployment in the background" date="2025-07-27T09:52:53.580" /><!-- duration: 47ms -->
  </step><!-- duration: 20936ms -->
  <step title="Outgoing response" date="2025-07-27T09:52:53.658" type="response" statusCode="202" statusText="Accepted" Server="Microsoft-IIS/10.0" x-ms-request-id="38ab302e-6acf-11f0-8bb6-6e45003a8cdb" Retry-After="30" Cache-Control="private" X-AspNet-Version="4.0.30319" Location="https://snackspot-auckland-api.scm.azurewebsites.net/api/deployments/latest?deployer=ZipDeploy&amp;time=2025-07-27_09-52-53Z" /><!-- duration: 0ms -->
</step><!-- duration: 21155ms -->
