<step title="BackgroundTrace" date="2025-07-27T09:52:53.580" instance="c01540" url="/api/zipdeploy" method="POST" >
  <step title="Cleanup Xml Logs" date="2025-07-27T09:52:53.596" /><!-- duration: 0ms -->
  <step title="Updating shutdown sentinel last write time" date="2025-07-27T09:52:53.596" SemaphoreCount="7" /><!-- duration: 16ms -->
  <step title="LockFile &apos;C:\home\site\locks\deployments.lock&apos; acquired" date="2025-07-27T09:52:53.612" /><!-- duration: 0ms -->
  <step title="Creating temporary deployment" date="2025-07-27T09:52:53.612" /><!-- duration: 16ms -->
  <step title="Performing fetch based deployment" date="2025-07-27T09:52:53.643" >
    <step title="Fetching changes." date="2025-07-27T09:52:53.690" /><!-- duration: 0ms -->
    <step title="Starting LocalZipHandler" date="2025-07-27T09:52:53.690" /><!-- duration: 0ms -->
    <step title="Cleaning up temp folders from previous zip deployments and extracting pushed zip file C:\local\Temp\zipdeploy\wvgirjgr.zip (151.59 MB) to C:\local\Temp\zipdeploy\extracted" date="2025-07-27T09:52:53.721" /><!-- duration: 0ms -->
    <step title="Cleaning up temp folders from previous zip deployments and extracting pushed zip file C:\local\Temp\zipdeploy\wvgirjgr.zip (151.59 MB) to C:\local\Temp\zipdeploy\extracted" date="2025-07-27T09:52:53.721" >
      <step title="Extracting 42593 entries to C:\local\Temp\zipdeploy\extracted directory" date="2025-07-27T09:52:54.018" >
        <step title="Extracting to C:\local\Temp\zipdeploy\extracted\.DS_Store ..." date="2025-07-27T09:52:54.018" /><!-- duration: 0ms -->
        <step title="Extracting to C:\local\Temp\zipdeploy\extracted\.pre-commit-config.yaml ..." date="2025-07-27T09:52:54.033" /><!-- duration: 0ms -->
        <step title="Extracting to C:\local\Temp\zipdeploy\extracted\setup-hooks.sh ..." date="2025-07-27T09:52:54.033" /><!-- duration: 0ms -->
        <step title="Extracting to C:\local\Temp\zipdeploy\extracted\README.md ..." date="2025-07-27T09:52:54.033" /><!-- duration: 16ms -->
        <step title="Extracting to C:\local\Temp\zipdeploy\extracted\start-dev.sh ..." date="2025-07-27T09:52:54.049" /><!-- duration: 0ms -->
        <step title="Omitting extracting file traces ..." date="2025-07-27T09:52:54.049" /><!-- duration: 0ms -->
      </step><!-- duration: 20329ms -->
    </step><!-- duration: 20626ms -->
    <step title="There is not enough space on the disk.
 DEPLOYMENTINFO: deploymentPath = ZipDeploy. Extract zip. , deployer = ZipDeploy, os = windows, sku = Free, siteName = snackspot-auckland-api, siteHostName = snackspot-auckland-api.azurewebsites.net, deploymentStatus = Error" date="2025-07-27T09:53:14.347" /><!-- duration: 16ms -->
  </step><!-- duration: 20735ms -->
  <step title="LockFile &apos;C:\home\site\locks\deployments.lock&apos; released" date="2025-07-27T09:53:14.378" /><!-- duration: 0ms -->
  <step title="Deleting shutdown sentinel file" date="2025-07-27T09:53:14.393" SemaphoreCount="8" /><!-- duration: 0ms -->
  <step title="Error occurred" date="2025-07-27T09:53:14.472" type="error" text="One or more errors occurred." stackTrace="   at System.Threading.Tasks.Task.ThrowIfExceptional(Boolean includeTaskCanceledExceptions)
   at System.Threading.Tasks.Task.Wait(Int32 millisecondsTimeout, CancellationToken cancellationToken)
   at Kudu.Core.Deployment.FetchDeploymentManager.&lt;&gt;c__DisplayClass12_1.&lt;PerformBackgroundDeployment&gt;b__3()
   at Kudu.Contracts.Infrastructure.LockExtensions.TryLockOperation(IOperationLock lockObj, Action operation, String operationName, TimeSpan timeout)
   at Kudu.Contracts.Infrastructure.LockExtensions.LockOperation(IOperationLock lockObj, Action operation, String operationName, TimeSpan timeout)
   at Kudu.Core.Deployment.FetchDeploymentManager.&lt;&gt;c__DisplayClass12_0.&lt;PerformBackgroundDeployment&gt;b__1()" innerText="There is not enough space on the disk.
" innerStackTrace="   at System.IO.__Error.WinIOError(Int32 errorCode, String maybeFullPath)
   at System.IO.FileStream.WriteCore(Byte[] buffer, Int32 offset, Int32 count)
   at System.IO.FileStream.Write(Byte[] array, Int32 offset, Int32 count)
   at System.IO.Stream.InternalCopyTo(Stream destination, Int32 bufferSize)
   at System.IO.Stream.CopyTo(Stream destination)
   at Kudu.Core.Infrastructure.ZipArchiveExtensions.Extract(ZipArchive archive, String directoryName, ITracer tracer, Boolean doNotPreserveFileTime)
   at Kudu.Services.Deployment.PushDeploymentController.&lt;&gt;c__DisplayClass23_0.&lt;LocalZipFetch&gt;b__1() in C:\__w\1\s\Kudu.Services\Deployment\PushDeploymentController.cs:line 907
   at System.Threading.Tasks.Task.InnerInvoke()
   at System.Threading.Tasks.Task.Execute()
--- End of stack trace from previous location where exception was thrown ---
   at System.Runtime.CompilerServices.TaskAwaiter.ThrowForNonSuccess(Task task)
   at System.Runtime.CompilerServices.TaskAwaiter.HandleNonSuccessAndDebuggerNotification(Task task)
   at Kudu.Services.Deployment.PushDeploymentController.&lt;LocalZipFetch&gt;d__23.MoveNext() in C:\__w\1\s\Kudu.Services\Deployment\PushDeploymentController.cs:line 911
--- End of stack trace from previous location where exception was thrown ---
   at System.Runtime.CompilerServices.TaskAwaiter.ThrowForNonSuccess(Task task)
   at System.Runtime.CompilerServices.TaskAwaiter.HandleNonSuccessAndDebuggerNotification(Task task)
   at Kudu.Services.Deployment.PushDeploymentController.&lt;LocalZipHandler&gt;d__18.MoveNext() in C:\__w\1\s\Kudu.Services\Deployment\PushDeploymentController.cs:line 679
--- End of stack trace from previous location where exception was thrown ---
   at System.Runtime.CompilerServices.TaskAwaiter.ThrowForNonSuccess(Task task)
   at System.Runtime.CompilerServices.TaskAwaiter.HandleNonSuccessAndDebuggerNotification(Task task)
   at Kudu.Core.Deployment.FetchDeploymentManager.&lt;PerformDeployment&gt;d__9.MoveNext()
--- End of stack trace from previous location where exception was thrown ---
   at System.Runtime.ExceptionServices.ExceptionDispatchInfo.Throw()
   at Kudu.Core.Deployment.FetchDeploymentManager.&lt;PerformDeployment&gt;d__9.MoveNext()" /><!-- duration: 0ms -->
</step><!-- duration: 20892ms -->
